arm,seed,case_id,K,alpha,regime,complete,failure_time,mass_drift,momentum_drift,energy_drift,late_field_log10_rmse,late_electric_mode1_phase_mae,late_perturbation_relative_l2
A,0,K0p280_a0p085,0.28,0.085,strong_nonlinear,True,,4.76837158203125e-07,1.4826655387878418e-06,0.0003122458728844772,0.5294862793935903,0.2564442518361952,0.8376589312756464
A,0,K0p303_a0p035,0.303,0.035,transition,False,78.78,6.556510925292969e-07,1.7168931663036346e-06,0.0038957569430398604,,,
A,0,K0p361_a0p035,0.361,0.035,transition,True,,8.940696716308594e-07,9.546056389808655e-08,8.186962700909844e-06,0.7200247843733899,0.12982510565757927,1.750661253408239
A,0,K0p407_a0p105,0.407,0.105,strong_nonlinear,True,,4.172325134277344e-07,3.5323319025337696e-07,5.768499057311884e-06,1.3346518013595439,0.8545535357476873,0.8541153613999865
A,0,K0p454_a0p125,0.454,0.125,strong_nonlinear,True,,5.364418029785156e-07,8.981442078948021e-07,3.1355653045219674e-05,0.8414678275939736,1.0937185246488241,1.8170419151920272
A,0,K0p500_a0p165,0.5,0.165,strong_nonlinear,True,,8.344650268554688e-07,7.16187059879303e-07,0.0001513786650821085,1.1933399613258535,1.0306651169234398,2.6239966882621983
A,0,K0p445_a0p030,0.445,0.03,weak,True,,2.384185791015625e-06,1.3441422197502106e-08,2.8545363935549325e-06,2.40368107005681,0.7623975608591557,6.334187604761621
A,0,K0p420_a0p122,0.42,0.122,strong_nonlinear,True,,7.152557373046875e-07,1.0922376532107592e-06,2.9739749737718283e-06,1.2385408121508852,1.2361617752770446,0.9624118420009776
A,0,K0p372_a0p085,0.372,0.085,strong_nonlinear,True,,1.6093254089355469e-06,4.3766340240836143e-07,2.0911771840486864e-06,0.7867731567882641,0.3217362207588886,0.7882097024933589
A,0,K0p368_a0p186,0.368,0.186,transition,False,70.27000000000001,4.76837158203125e-07,3.960682079195976e-06,0.003052186641096825,,,
A,0,K0p472_a0p032,0.472,0.032,weak,True,,1.0728836059570312e-06,3.9493897929787636e-08,7.374029571761558e-06,3.6126759264045085,2.2622947610807325,10.560168074106137
A,0,K0p460_a0p177,0.46,0.177,strong_nonlinear,True,,1.1920928955078125e-06,1.2436066754162312e-07,9.323381141929943e-06,0.6838060628186167,0.47396880180752327,0.9755849332010221
A,0,K0p280_a0p137,0.28,0.137,strong_nonlinear,False,70.44,1.5497207641601562e-06,2.4652108550071716e-06,0.0015685542195098632,,,
A,0,K0p342_a0p167,0.342,0.167,transition,False,76.74,5.960464477539062e-07,4.17360570281744e-06,0.003244537956365001,,,
A,0,K0p474_a0p051,0.474,0.051,weak,True,,1.9669532775878906e-06,4.736357368528843e-07,3.674220389694926e-06,3.147356603754943,1.4611309375687025,13.976409135191892
A,0,K0p295_a0p178,0.295,0.178,strong_nonlinear,True,,1.0728836059570312e-06,6.575719453394413e-07,0.00019222103846155397,0.6688912754722345,0.420062429121528,1.0385852062526588
A,0,K0p299_a0p105,0.299,0.105,strong_nonlinear,True,,8.940696716308594e-07,1.514330506324768e-06,0.0011018597659157147,0.6390757572017866,0.36667503529960677,0.9659750438769725
A,0,K0p321_a0p185,0.321,0.185,transition,False,69.59,1.0132789611816406e-06,1.7423881217837334e-06,0.0017007192173501984,,,
A,0,K0p412_a0p043,0.412,0.043,transition,True,,6.556510925292969e-07,2.401793608441949e-07,9.3665197427266e-06,1.3132278930047543,0.9008304395184124,3.404301298989415
A,0,K0p409_a0p182,0.409,0.182,strong_nonlinear,False,72.82,1.1324882507324219e-06,2.69306474365294e-06,0.003103543280609688,,,
A,1,K0p280_a0p085,0.28,0.085,strong_nonlinear,True,,5.364418029785156e-07,8.486676961183548e-07,3.897375493667563e-05,0.5505731605197229,0.23193451916754412,0.42305624576306317
A,1,K0p303_a0p035,0.303,0.035,transition,True,,1.430511474609375e-06,7.877242751419544e-07,3.7894164440779237e-06,0.4376225807622966,0.10238455212616081,0.3699083604098555
A,1,K0p361_a0p035,0.361,0.035,transition,True,,4.76837158203125e-07,1.3244516594568267e-07,8.068311067563324e-06,0.7853542689149015,0.24479544479581153,3.4622884047514484
A,1,K0p407_a0p105,0.407,0.105,strong_nonlinear,True,,1.5497207641601562e-06,4.440516931936145e-07,5.3070191327269335e-06,1.0904081945259898,0.8550512782224063,0.8725429915869944
A,1,K0p454_a0p125,0.454,0.125,strong_nonlinear,True,,1.1920928955078125e-06,2.3690517991781235e-07,5.283370110183535e-06,1.0937119356477178,1.202581479728394,0.941966728531118
A,1,K0p500_a0p165,0.5,0.165,strong_nonlinear,True,,2.205371856689453e-06,9.019277058541775e-08,2.4871774696089523e-06,0.8742666719530159,1.46940092380739,0.7427605595135638
A,1,K0p445_a0p030,0.445,0.03,weak,True,,5.364418029785156e-07,1.860898919403553e-07,9.634060328247897e-06,2.505202308619009,1.5610166434867037,7.936557990446184
A,1,K0p420_a0p122,0.42,0.122,strong_nonlinear,True,,7.748603820800781e-07,1.0540534276515245e-06,5.376031683356767e-06,1.179133022536469,0.5933417997238531,0.9154413435504618
A,1,K0p372_a0p085,0.372,0.085,strong_nonlinear,True,,4.172325134277344e-07,1.0337680578231812e-07,6.157355041921132e-06,1.1062920490985362,0.5584492339486119,0.8146407010253506
A,1,K0p368_a0p186,0.368,0.186,transition,False,75.11000000000001,1.5497207641601562e-06,2.8222566470503807e-06,0.003271317447600729,,,
A,1,K0p472_a0p032,0.472,0.032,weak,True,,2.1457672119140625e-06,3.994500730186701e-08,8.325517258440469e-06,3.7759389861066883,1.7541285915118616,20.49457992405757
A,1,K0p460_a0p177,0.46,0.177,strong_nonlinear,True,,1.9669532775878906e-06,6.800401024520397e-07,6.326580060595318e-06,1.098167041490234,1.5161238773030532,0.9469207828739866
A,1,K0p280_a0p137,0.28,0.137,strong_nonlinear,True,,4.76837158203125e-07,1.225154846906662e-06,0.0013163377703128995,0.5498599979249635,0.18335622531140325,0.7404445305232533
A,1,K0p342_a0p167,0.342,0.167,transition,False,74.87,7.748603820800781e-07,3.6049168556928635e-06,0.0027600194361265275,,,
A,1,K0p474_a0p051,0.474,0.051,weak,True,,7.152557373046875e-07,9.582436177879572e-08,6.163208395617295e-06,2.5427106443735856,1.1847487483674644,4.5559940908661805
A,1,K0p295_a0p178,0.295,0.178,strong_nonlinear,True,,1.0132789611816406e-06,3.3318065106868744e-07,0.0005849328557591884,0.5909622754891904,0.2643150132873776,0.7725081703146697
A,1,K0p299_a0p105,0.299,0.105,strong_nonlinear,True,,1.430511474609375e-06,1.3177050277590752e-06,0.0002113217241876465,0.6604382720143137,0.29874150145659994,0.7825790154432468
A,1,K0p321_a0p185,0.321,0.185,transition,False,71.37,2.384185791015625e-07,2.0703300833702087e-06,0.000889923105736564,,,
A,1,K0p412_a0p043,0.412,0.043,transition,True,,1.3113021850585938e-06,6.094924174249172e-07,1.304198951518894e-06,1.1655386832612846,1.2561805883547483,4.497261975048807
A,1,K0p409_a0p182,0.409,0.182,strong_nonlinear,False,79.8,7.152557373046875e-07,9.66014340519905e-07,0.002230034471762008,,,
A,2,K0p280_a0p085,0.28,0.085,strong_nonlinear,False,67.27000000000001,5.960464477539062e-07,1.3066455721855164e-06,0.0015815139503251004,,,
A,2,K0p303_a0p035,0.303,0.035,transition,True,,1.0132789611816406e-06,4.80329617857933e-07,0.0007775408866192389,0.6066549799279461,0.2596181792217021,2.351897316074757
A,2,K0p361_a0p035,0.361,0.035,transition,True,,1.0728836059570312e-06,1.314765540882945e-07,9.492130667721558e-06,0.7056348727338644,0.17349459705304893,3.136601312497107
A,2,K0p407_a0p105,0.407,0.105,strong_nonlinear,True,,7.748603820800781e-07,8.265778888016939e-07,5.076279170434458e-06,1.0597167859676353,0.6164912992169989,0.9314376569612074
A,2,K0p454_a0p125,0.454,0.125,strong_nonlinear,False,70.1,1.0728836059570312e-06,7.287599146366119e-07,0.0016950429583932306,,,
A,2,K0p500_a0p165,0.5,0.165,strong_nonlinear,False,75.8,4.172325134277344e-07,1.473352313041687e-06,0.001055241568242271,,,
A,2,K0p445_a0p030,0.445,0.03,weak,True,,5.364418029785156e-07,1.221269485540688e-07,2.6166583607586883e-06,3.058977047360989,1.715077435042972,13.303468015164675
A,2,K0p420_a0p122,0.42,0.122,strong_nonlinear,True,,7.152557373046875e-07,1.028529368340969e-06,6.313977636623266e-05,1.2492638642928988,1.1938318516878719,1.5347979728893308
A,2,K0p372_a0p085,0.372,0.085,strong_nonlinear,True,,8.344650268554688e-07,5.243928171694279e-07,4.159119066052387e-05,0.9653796340963543,0.6276834721686894,1.254814408540398
A,2,K0p368_a0p186,0.368,0.186,transition,False,68.85000000000001,4.172325134277344e-07,1.0905787348747253e-06,0.0017954349968494,,,
A,2,K0p472_a0p032,0.472,0.032,weak,True,,1.5497207641601562e-06,2.2741733118891716e-07,2.7355270992018683e-06,4.121773074685328,2.081386569380773,19.316140009742245
A,2,K0p460_a0p177,0.46,0.177,strong_nonlinear,False,77.49000000000001,1.0728836059570312e-06,1.6186386346817017e-06,0.003606261627171973,,,
A,2,K0p280_a0p137,0.28,0.137,strong_nonlinear,False,66.74,9.5367431640625e-07,1.3364478945732117e-06,0.0014848724427817866,,,
A,2,K0p342_a0p167,0.342,0.167,transition,False,70.91000000000001,9.5367431640625e-07,7.897615432739258e-07,0.0033677711785931644,,,
A,2,K0p474_a0p051,0.474,0.051,weak,True,,1.3709068298339844e-06,1.3564713299274445e-06,0.0014516726236446275,3.675233424603456,1.3015208143920853,21.923398338653918
A,2,K0p295_a0p178,0.295,0.178,strong_nonlinear,True,,8.344650268554688e-07,7.372291292995214e-07,0.0018783404204336007,0.7336634377105622,0.5277660579178935,0.9228756864707516
A,2,K0p299_a0p105,0.299,0.105,strong_nonlinear,False,68.25,8.344650268554688e-07,2.1229498088359833e-06,0.002282207249794854,,,
A,2,K0p321_a0p185,0.321,0.185,transition,False,64.39999999999999,7.748603820800781e-07,5.675305146723986e-06,0.0007195035977224511,,,
A,2,K0p412_a0p043,0.412,0.043,transition,True,,4.76837158203125e-07,2.4714051960472716e-07,5.809613511311436e-06,0.8213610460539028,0.4759145997225058,1.8963666556636303
A,2,K0p409_a0p182,0.409,0.182,strong_nonlinear,False,73.34,4.172325134277344e-07,2.002227120101452e-06,0.001775436754404424,,,
B,0,K0p280_a0p085,0.28,0.085,strong_nonlinear,True,,7.152557373046875e-07,2.1303385437931865e-06,2.3361461292451762e-05,0.12345380473888937,0.0017802353697608645,0.10297385472877396
B,0,K0p303_a0p035,0.303,0.035,transition,True,,5.960464477539062e-07,5.954789230599999e-07,3.9078357079553584e-06,0.4714951551182268,0.11979603789558374,0.36927376201488055
B,0,K0p361_a0p035,0.361,0.035,transition,True,,5.960464477539062e-07,3.065247256017756e-08,7.000446367444649e-06,0.85730976690187,0.4579713879310467,0.6435243987822457
B,0,K0p407_a0p105,0.407,0.105,strong_nonlinear,True,,1.0132789611816406e-06,3.5220364225097e-07,8.306638642529112e-06,1.0336878350978844,0.5688265841734906,0.706208446136371
B,0,K0p454_a0p125,0.454,0.125,strong_nonlinear,True,,1.0728836059570312e-06,9.16188582777977e-08,4.709090750380977e-06,0.9801538326007726,2.0242918012986957,1.1811087743853517
B,0,K0p500_a0p165,0.5,0.165,strong_nonlinear,True,,6.556510925292969e-07,8.073111530393362e-07,4.522140853834459e-06,0.8204122281499322,0.5605557300760172,1.0978204556897755
B,0,K0p445_a0p030,0.445,0.03,weak,True,,1.8477439880371094e-06,3.066943463636562e-07,3.5681704919436656e-06,2.2708230941389393,0.6965082767413713,4.896078562870388
B,0,K0p420_a0p122,0.42,0.122,strong_nonlinear,True,,7.152557373046875e-07,1.280131982639432e-07,2.28767305674756e-06,1.2867295716428417,0.9483028226937178,0.836888692496874
B,0,K0p372_a0p085,0.372,0.085,strong_nonlinear,True,,7.748603820800781e-07,3.3541437005624175e-07,6.738237593045767e-06,0.9421793608491871,0.5599984845724884,0.7213795547578485
B,0,K0p368_a0p186,0.368,0.186,transition,True,,1.1920928955078125e-06,1.3496901374310255e-06,1.7018842183853602e-05,0.850997910466358,0.8091847489872647,0.9374984639172079
B,0,K0p472_a0p032,0.472,0.032,weak,True,,7.748603820800781e-07,2.977321855723858e-08,8.325517258440469e-06,4.444079347202872,1.6633400009840504,35.64716147276848
B,0,K0p460_a0p177,0.46,0.177,strong_nonlinear,True,,4.76837158203125e-07,2.3111351765692234e-07,5.438638999459133e-06,1.0663088047234843,1.867639276227778,1.0320573600262521
B,0,K0p280_a0p137,0.28,0.137,strong_nonlinear,True,,2.980232238769531e-07,3.4784898161888123e-06,3.066202506066929e-05,0.41842102341458526,0.13338510467672582,0.3807406796582058
B,0,K0p342_a0p167,0.342,0.167,transition,True,,1.2516975402832031e-06,1.690728822723031e-06,0.00017787336311238762,0.849809391782328,0.7817857004136591,1.2179771585740091
B,0,K0p474_a0p051,0.474,0.051,weak,True,,8.344650268554688e-07,1.1145311873406172e-07,5.926161918862784e-06,2.6037698045698745,1.3773766882672667,5.34284885427723
B,0,K0p295_a0p178,0.295,0.178,strong_nonlinear,False,78.74,1.3709068298339844e-06,5.473382771015167e-06,0.00022701445832998846,,,
B,0,K0p299_a0p105,0.299,0.105,strong_nonlinear,True,,1.3709068298339844e-06,2.4855253286659718e-06,1.717971509070665e-05,0.6286636079468298,0.22263608746884078,0.3726685916007911
B,0,K0p321_a0p185,0.321,0.185,transition,True,,1.1920928955078125e-06,2.573360688984394e-06,3.30206965138323e-05,0.42932455800676483,0.18484144756107235,0.5459835700470274
B,0,K0p412_a0p043,0.412,0.043,transition,True,,1.4901161193847656e-06,1.133048499468714e-07,8.655138496443568e-06,1.393514217055686,1.0542879255848778,2.4892637498477654
B,0,K0p409_a0p182,0.409,0.182,strong_nonlinear,True,,8.940696716308594e-07,8.492206688970327e-07,7.592899120742282e-06,1.0188208280600994,1.9959866165784692,1.1853524949384682
B,1,K0p280_a0p085,0.28,0.085,strong_nonlinear,True,,1.1920928955078125e-06,2.1806845325045288e-06,1.2307501558950198e-05,0.40161275727749307,0.11358843404994297,0.21147143165189727
B,1,K0p303_a0p035,0.303,0.035,transition,True,,1.430511474609375e-06,1.5258228813763708e-07,8.763025526930198e-06,0.31842826020512605,0.05204000791229183,0.223143994269466
B,1,K0p361_a0p035,0.361,0.035,transition,True,,1.6093254089355469e-06,1.113394318963401e-07,8.424265967602884e-06,0.6125514120544514,0.2139458491675408,0.43038901973328164
B,1,K0p407_a0p105,0.407,0.105,strong_nonlinear,True,,8.344650268554688e-07,4.5420165406540036e-07,9.344968472845252e-06,2.1856037711606286,1.2664710849934022,0.9316167302552847
B,1,K0p454_a0p125,0.454,0.125,strong_nonlinear,True,,5.960464477539062e-07,1.0864459909498692e-07,2.6416850550917677e-06,0.8393824259484125,0.8011169847930639,0.8659001015902515
B,1,K0p500_a0p165,0.5,0.165,strong_nonlinear,True,,1.3113021850585938e-06,6.498303264379501e-07,8.818174664977195e-06,1.2065557108033298,1.616337341893062,1.5477450493509473
B,1,K0p445_a0p030,0.445,0.03,weak,True,,1.1920928955078125e-06,2.6382622309029102e-08,4.995438688721132e-06,1.6359072355792061,1.4458059901977005,3.2229158231477633
B,1,K0p420_a0p122,0.42,0.122,strong_nonlinear,True,,1.5497207641601562e-06,2.5192275643348694e-07,2.28767305674756e-06,1.9647836841608237,1.35413547430559,0.917192609692022
B,1,K0p372_a0p085,0.372,0.085,strong_nonlinear,True,,5.960464477539062e-07,1.493935997132212e-07,6.273531552146059e-06,1.5609709146448498,1.349394339652361,0.9143529968598595
B,1,K0p368_a0p186,0.368,0.186,transition,True,,5.960464477539062e-07,6.877817213535309e-07,1.1733487468371117e-05,0.9713869868827426,1.1123332303304865,0.8681436256544307
B,1,K0p472_a0p032,0.472,0.032,weak,True,,7.748603820800781e-07,2.4837208911776543e-07,3.3302069033761877e-06,3.8616024123289114,1.042524146533307,23.980505134866434
B,1,K0p460_a0p177,0.46,0.177,strong_nonlinear,True,,1.3709068298339844e-06,3.0209776014089584e-07,6.2155874279532946e-06,0.6982076839918357,0.3529435604423056,0.9528020835628429
B,1,K0p280_a0p137,0.28,0.137,strong_nonlinear,True,,1.0728836059570312e-06,5.281181074678898e-07,3.05555596958753e-05,0.5913359223125695,0.24595587241314884,0.4972208207675427
B,1,K0p342_a0p167,0.342,0.167,transition,True,,8.940696716308594e-07,5.377223715186119e-07,1.1929231538076296e-05,0.7076779929001374,0.42475708691429553,0.7628532610912471
B,1,K0p474_a0p051,0.474,0.051,weak,True,,8.940696716308594e-07,4.881876520812511e-07,5.096499250221994e-06,3.135666400221037,1.7402566370439774,19.498877757158333
B,1,K0p295_a0p178,0.295,0.178,strong_nonlinear,True,,5.364418029785156e-07,4.923989763483405e-06,5.950179049964158e-05,0.5588103745035933,0.33855789721263696,0.694347284467003
B,1,K0p299_a0p105,0.299,0.105,strong_nonlinear,True,,1.1324882507324219e-06,3.1478703022003174e-07,1.6056857895235628e-05,0.6132699000764519,0.21227835518905136,0.4444582576103807
B,1,K0p321_a0p185,0.321,0.185,transition,True,,6.556510925292969e-07,1.5389960026368499e-06,3.9256803285794434e-05,0.6231188673351045,0.31936060426596014,0.6520981835717892
B,1,K0p412_a0p043,0.412,0.043,transition,True,,7.748603820800781e-07,2.903570930357091e-07,2.2527072798962713e-06,1.2543804588056828,0.7590738106730903,1.5211348794597865
B,1,K0p409_a0p182,0.409,0.182,strong_nonlinear,True,,7.152557373046875e-07,1.1300289770588279e-07,1.312486848014023e-05,0.9636922053009964,2.106053280922541,1.2100269745910095
B,2,K0p280_a0p085,0.28,0.085,strong_nonlinear,True,,4.76837158203125e-07,3.186170943081379e-06,4.78625060625841e-06,0.7668267831155666,0.33034432292178856,0.4560426204830556
B,2,K0p303_a0p035,0.303,0.035,transition,True,,4.76837158203125e-07,7.216294761747122e-08,3.7894164440779237e-06,0.6259555824302816,0.19306031198341775,0.4674524859908963
B,2,K0p361_a0p035,0.361,0.035,transition,True,,1.1920928955078125e-06,2.2184394765645266e-08,6.169884934019013e-06,0.7913387114382324,0.4071532492668496,0.5014173143860884
B,2,K0p407_a0p105,0.407,0.105,strong_nonlinear,True,,9.5367431640625e-07,4.3151521822437644e-07,4.614799245849507e-06,1.2630337951588209,0.8412560421753736,0.9114258276737395
B,2,K0p454_a0p125,0.454,0.125,strong_nonlinear,True,,1.5497207641601562e-06,3.0640512704849243e-07,0.00015000176878042818,0.8387357189342198,1.3271972263241074,2.3407704725845964
B,2,K0p500_a0p165,0.5,0.165,strong_nonlinear,True,,2.980232238769531e-07,2.5085173547267914e-06,0.000447239730444228,1.1786707724033716,1.2101214630157866,2.7317496627821414
B,2,K0p445_a0p030,0.445,0.03,weak,True,,7.748603820800781e-07,2.6557972887530923e-07,4.757560655924887e-06,2.590762770859446,1.6198733719395124,8.75203018576134
B,2,K0p420_a0p122,0.42,0.122,strong_nonlinear,True,,1.0132789611816406e-06,1.3649696484208107e-07,1.1209597978063046e-05,1.0922068610376083,1.707405621847209,1.1324122607304397
B,2,K0p372_a0p085,0.372,0.085,strong_nonlinear,True,,1.1920928955078125e-06,4.94252162752673e-07,6.62206108282084e-06,0.864602004128729,0.30526822021272504,0.634226718879132
B,2,K0p368_a0p186,0.368,0.186,transition,True,,5.364418029785156e-07,1.3190147001296282e-06,1.8075913126950096e-05,1.2418729594182294,1.29784467248463,0.9141419591874084
B,2,K0p472_a0p032,0.472,0.032,weak,True,,1.1324882507324219e-06,7.753260433673859e-08,3.687014785880779e-06,4.3997261639605245,1.7649768585639032,38.157070979109534
B,2,K0p460_a0p177,0.46,0.177,strong_nonlinear,True,,8.940696716308594e-07,1.0926742106676102e-06,1.6537902263661446e-05,1.0153411380064041,1.3279008810262225,1.1773765544251835
B,2,K0p280_a0p137,0.28,0.137,strong_nonlinear,True,,3.5762786865234375e-07,1.344713382422924e-06,3.662408548913276e-05,0.8384099787345753,0.3803719279984071,0.781385448708216
B,2,K0p342_a0p167,0.342,0.167,transition,True,,1.2516975402832031e-06,4.6123750507831573e-07,2.2580331125644418e-05,0.9812651196499262,1.1286908468979155,1.0179771914306883
B,2,K0p474_a0p051,0.474,0.051,weak,True,,2.086162567138672e-06,5.253823474049568e-07,6.874347825880829e-06,3.360141775127002,1.2401546871737397,10.600801394362119
B,2,K0p295_a0p178,0.295,0.178,strong_nonlinear,True,,1.1324882507324219e-06,7.323687896132469e-07,9.964028646380658e-05,0.6725059702703878,0.3331735397408383,0.8358560713138954
B,2,K0p299_a0p105,0.299,0.105,strong_nonlinear,True,,6.556510925292969e-07,1.5350524336099625e-06,1.324971490655807e-05,0.8858709587786534,0.49392377764781287,0.6512488786569371
B,2,K0p321_a0p185,0.321,0.185,transition,True,,5.364418029785156e-07,1.168038579635322e-06,4.1505890974043076e-05,0.7474803119827614,0.5857109983593319,1.0536104699025648
B,2,K0p412_a0p043,0.412,0.043,transition,True,,1.9073486328125e-06,1.84272721526213e-08,8.77370203749074e-06,0.6575287459370225,0.21607446214278817,1.2620313910520138
B,2,K0p409_a0p182,0.409,0.182,strong_nonlinear,True,,1.9669532775878906e-06,2.4418113753199577e-07,8.894538970012387e-06,1.1664035628931617,1.0959461273194633,1.0100776433202885
C,0,K0p280_a0p085,0.28,0.085,strong_nonlinear,True,,7.152557373046875e-07,3.1408853828907013e-07,2.4159169726828167e-05,0.4601500308862286,0.13851207449841282,0.20981488459938938
C,0,K0p303_a0p035,0.303,0.035,transition,True,,2.980232238769531e-07,4.5428896555677056e-07,6.157801721626626e-06,0.47535524048130806,0.11199842097311456,0.3030714108708109
C,0,K0p361_a0p035,0.361,0.035,transition,True,,6.556510925292969e-07,5.5314103519776836e-08,7.000446367444649e-06,0.6642048722089452,0.22414820228330765,0.5181179238043235
C,0,K0p407_a0p105,0.407,0.105,strong_nonlinear,True,,1.1920928955078125e-06,4.6666536945849657e-07,1.8459196983398028e-06,1.0705368622507754,0.633812084122192,0.7617211464941207
C,0,K0p454_a0p125,0.454,0.125,strong_nonlinear,True,,7.748603820800781e-07,1.4586839824914932e-07,3.905099646657396e-06,0.8775752739161286,2.3933074272698764,1.3714221273818548
C,0,K0p500_a0p165,0.5,0.165,strong_nonlinear,True,,7.152557373046875e-07,6.806803867220879e-07,6.5571042380599655e-06,1.0664630308496263,1.3721166715911186,1.6984188998594154
C,0,K0p445_a0p030,0.445,0.03,weak,True,,5.364418029785156e-07,9.974610293284059e-08,3.3302924591474214e-06,2.3898694284325765,0.2672153705927227,5.655576935006122
C,0,K0p420_a0p122,0.42,0.122,strong_nonlinear,True,,1.1324882507324219e-06,6.078334990888834e-08,3.2027422794465846e-06,1.224415255120743,0.45213019899038787,0.8009913384504603
C,0,K0p372_a0p085,0.372,0.085,strong_nonlinear,True,,1.4901161193847656e-06,1.1107113095931709e-07,3.4852953067478107e-06,0.8803473267346913,0.4451538446283857,0.6615444117272172
C,0,K0p368_a0p186,0.368,0.186,transition,True,,7.152557373046875e-07,1.0049552656710148e-06,0.00017008271474422634,0.8802518465379539,0.42187705666980674,0.9693630015066438
C,0,K0p472_a0p032,0.472,0.032,weak,True,,1.6689300537109375e-06,7.128983270376921e-08,3.3302069033761877e-06,3.4630479878509814,1.5307986876350363,9.327151383895735
C,0,K0p460_a0p177,0.46,0.177,strong_nonlinear,True,,7.748603820800781e-07,1.6507692635059357e-07,3.1077937139766473e-06,0.9203104898918782,0.45792349722824066,0.7744506406232197
C,0,K0p280_a0p137,0.28,0.137,strong_nonlinear,True,,4.76837158203125e-07,2.41532688960433e-06,3.492063965242891e-05,0.5773707707043806,0.20256150681540463,0.46736504672089424
C,0,K0p342_a0p167,0.342,0.167,transition,True,,5.960464477539062e-07,2.4866312742233276e-07,2.108917718338488e-05,0.795857731814164,0.3206682006000736,0.7051818950219426
C,0,K0p474_a0p051,0.474,0.051,weak,True,,1.3709068298339844e-06,1.6490230336785316e-07,4.740929535090227e-06,2.804609040896646,1.0656451144427304,5.305132593645982
C,0,K0p295_a0p178,0.295,0.178,strong_nonlinear,True,,5.960464477539062e-07,8.25471943244338e-07,4.235720679635502e-05,0.6763432113149279,0.27991208326896083,0.7326786106411775
C,0,K0p299_a0p105,0.299,0.105,strong_nonlinear,True,,2.086162567138672e-06,2.382286766078323e-06,2.0211429518478412e-05,0.5418790237003415,0.17814215833258862,0.3905544461259141
C,0,K0p321_a0p185,0.321,0.185,transition,True,,5.960464477539062e-07,1.4320830814540386e-06,3.567870923630796e-05,0.7841329980538427,0.6481427248656384,0.927421893977175
C,0,K0p412_a0p043,0.412,0.043,transition,True,,6.556510925292969e-07,3.9174483390524983e-07,5.4539228881699195e-06,1.2552510326459778,0.7612389189434778,1.8807995239253803
C,0,K0p409_a0p182,0.409,0.182,strong_nonlinear,True,,1.1920928955078125e-06,1.2675009202212095e-06,7.15901917098558e-06,1.1906517514813846,1.7000904470024565,1.0380875814212684
C,1,K0p280_a0p085,0.28,0.085,strong_nonlinear,True,,1.1920928955078125e-06,1.4293473213911057e-06,2.313354459691565e-05,0.5521312678712289,0.16086886640186177,0.2330875314557021
C,1,K0p303_a0p035,0.303,0.035,transition,True,,9.5367431640625e-07,1.8686114344745874e-07,4.381512763465099e-06,0.42306076684635735,0.1317346580520776,0.25910778846497806
C,1,K0p361_a0p035,0.361,0.035,transition,True,,1.7285346984863281e-06,3.518496214383049e-07,5.932581667325974e-06,0.6645689275152934,0.1973250939834585,0.5937892238265278
C,1,K0p407_a0p105,0.407,0.105,strong_nonlinear,True,,8.344650268554688e-07,2.2715175873599946e-07,3.8072093778258433e-06,1.079219182234426,0.5179448359553558,0.7559747229674766
C,1,K0p454_a0p125,0.454,0.125,strong_nonlinear,True,,5.960464477539062e-07,5.106558091938496e-07,9.647893244682977e-06,1.1374303979491844,1.6369463533967967,1.379327682463354
C,1,K0p500_a0p165,0.5,0.165,strong_nonlinear,True,,1.2516975402832031e-06,4.236353561282158e-07,5.652676067293074e-06,1.174150604434434,1.1799091418941108,1.2637419578646225
C,1,K0p445_a0p030,0.445,0.03,weak,True,,1.6093254089355469e-06,8.850065569276921e-08,4.638621639526766e-06,2.354390473429368,0.9612028848467897,5.2752220654924455
C,1,K0p420_a0p122,0.42,0.122,strong_nonlinear,True,,1.3709068298339844e-06,1.2044620234519243e-07,2.5164403624223165e-06,1.3049975743059707,1.5703832579626709,1.0705976380351656
C,1,K0p372_a0p085,0.372,0.085,strong_nonlinear,True,,7.152557373046875e-07,3.177174221491441e-07,3.950001347647519e-06,0.8696853624221605,0.42705199541360916,0.6792649014178619
C,1,K0p368_a0p186,0.368,0.186,transition,False,77.79,5.960464477539062e-07,3.8298312574625015e-06,0.001073032714337254,,,
C,1,K0p472_a0p032,0.472,0.032,weak,True,,1.3113021850585938e-06,2.3581378627568483e-08,5.5899901592386e-06,2.923847838431271,1.109091368865806,8.037558902338194
C,1,K0p460_a0p177,0.46,0.177,strong_nonlinear,True,,7.748603820800781e-07,1.0489020496606827e-07,6.326580060595318e-06,0.8402902540560939,0.6541170568056902,0.8928985766497541
C,1,K0p280_a0p137,0.28,0.137,strong_nonlinear,True,,1.7881393432617188e-06,2.4023320293053985e-06,8.581108402395641e-05,0.8291606747886155,0.5004339977166772,0.9238693005502966
C,1,K0p342_a0p167,0.342,0.167,transition,True,,1.6689300537109375e-06,6.912741810083389e-07,8.755203860980996e-05,0.9562466432665113,1.112778013287091,1.2567263486570344
C,1,K0p474_a0p051,0.474,0.051,weak,True,,6.556510925292969e-07,2.0915467757731676e-07,4.740929535090227e-06,2.641386172620845,1.100429222261689,4.367389775818897
C,1,K0p295_a0p178,0.295,0.178,strong_nonlinear,True,,1.1920928955078125e-06,5.2175018936395645e-06,0.0005606278870974704,0.6737998425063013,0.3971189912582965,1.0208370977340362
C,1,K0p299_a0p105,0.299,0.105,strong_nonlinear,True,,4.76837158203125e-07,8.377246558666229e-07,1.7292000810253753e-05,0.8230559282185678,0.32978038399910536,0.5711889409766617
C,1,K0p321_a0p185,0.321,0.185,transition,True,,1.1324882507324219e-06,1.5668920241296291e-06,7.667344391756726e-05,0.8955078831427984,1.0463280173605218,1.0064671626428319
C,1,K0p412_a0p043,0.412,0.043,transition,True,,8.940696716308594e-07,2.048864189418964e-07,3.5569062314151648e-06,1.1294984292023758,0.6021000580920398,1.857370637413427
C,1,K0p409_a0p182,0.409,0.182,strong_nonlinear,True,,1.7881393432617188e-06,7.413618732243776e-07,1.1063938718795896e-05,1.07593409571555,1.6230724438250497,1.1401540299134822
C,2,K0p280_a0p085,0.28,0.085,strong_nonlinear,True,,1.0728836059570312e-06,2.3272878024727106e-07,1.219354321118214e-05,0.5994352061418088,0.21542316431098477,0.2896759166647688
C,2,K0p303_a0p035,0.303,0.035,transition,True,,1.1324882507324219e-06,5.865877028554678e-08,7.815671415910717e-06,0.48142252390591733,0.11821534651038738,0.2134330129233524
C,2,K0p361_a0p035,0.361,0.035,transition,True,,8.344650268554688e-07,7.384142008959316e-08,2.25438103358387e-06,0.9005287449289854,0.2912643835710558,1.1042007447937463
C,2,K0p407_a0p105,0.407,0.105,strong_nonlinear,True,,7.152557373046875e-07,6.353657227009535e-07,4.384059283557032e-06,1.144516495010566,1.0391762203060202,0.9691035075365165
C,2,K0p454_a0p125,0.454,0.125,strong_nonlinear,True,,8.344650268554688e-07,2.2161111701279879e-07,4.134811390578419e-06,0.5925777677106575,0.33328701357294777,0.9725348730788455
C,2,K0p500_a0p165,0.5,0.165,strong_nonlinear,False,75.41000000000001,1.1324882507324219e-06,5.953479558229446e-06,0.0009097416862701473,,,
C,2,K0p445_a0p030,0.445,0.03,weak,True,,1.7285346984863281e-06,6.827758625149727e-08,5.709072787109865e-06,2.6976424757676485,1.6855247410534675,5.817312129820887
C,2,K0p420_a0p122,0.42,0.122,strong_nonlinear,True,,7.152557373046875e-07,1.4495453797280788e-06,5.490415336194145e-06,1.166130261828064,1.9631216484479954,1.1498264491441044
C,2,K0p372_a0p085,0.372,0.085,strong_nonlinear,True,,1.3709068298339844e-06,5.758192855864763e-07,7.319120144170402e-06,0.7747261051235678,0.37152148336663715,0.6152331292609547
C,2,K0p368_a0p186,0.368,0.186,transition,True,,9.5367431640625e-07,1.7832135199569166e-06,0.00024682606521303203,1.1916432322841115,0.8832734576268707,1.193866965118847
C,2,K0p472_a0p032,0.472,0.032,weak,True,,6.556510925292969e-07,2.146261977031827e-07,4.519566511724826e-06,3.78750100228313,1.8645114345178475,12.686949833320575
C,2,K0p460_a0p177,0.46,0.177,strong_nonlinear,True,,4.76837158203125e-07,2.888264134526253e-07,1.4429042243463005e-05,0.6447919440771418,0.3680442598404926,0.9842363803774927
C,2,K0p280_a0p137,0.28,0.137,strong_nonlinear,True,,7.152557373046875e-07,1.4256220310926437e-06,2.8745648494377457e-05,0.8251486217936388,0.4113249584145126,0.7211017009547993
C,2,K0p342_a0p167,0.342,0.167,transition,True,,7.748603820800781e-07,1.969106961041689e-06,1.480502842671969e-05,0.889543775401806,0.7495325980456646,0.7901378969334107
C,2,K0p474_a0p051,0.474,0.051,weak,True,,1.1920928955078125e-06,2.0026345737278461e-07,2.844557721054136e-06,3.1158434896169087,0.9218282590365474,11.42063920694992
C,2,K0p295_a0p178,0.295,0.178,strong_nonlinear,True,,1.1920928955078125e-06,6.881891749799252e-07,4.941674126241419e-05,0.5468101225740072,0.2396051138501907,0.6470846301544897
C,2,K0p299_a0p105,0.299,0.105,strong_nonlinear,True,,2.2649765014648438e-06,8.923816494643688e-07,1.1453143393804433e-05,1.0323856097709072,0.5657472029156267,0.655446974962418
C,2,K0p321_a0p185,0.321,0.185,transition,True,,9.5367431640625e-07,3.461143933236599e-06,0.00012196189145821032,0.7143947023798874,0.30245679460941044,0.873348799103692
C,2,K0p412_a0p043,0.412,0.043,transition,True,,7.748603820800781e-07,4.0685517888050526e-07,3.0826520672264763e-06,1.2118670911598308,0.7869856308392831,1.7984470913114545
C,2,K0p409_a0p182,0.409,0.182,strong_nonlinear,True,,1.0132789611816406e-06,2.0459556253626943e-06,0.0002966654156461449,1.265523570618082,0.6897455026123418,1.3129230445820455
